Id,Email,encrypted_password,reset_password_token,Reset password sent at,Remember created at,Created at,Updated at,First name,Last name,Title,Confirmation token,Confirmed at,Confirmation sent at,Unconfirmed email,Failed attempts,Unlock token,Locked at
8,nicolas.genest@codeboxx.biz,-,-,-,-,2018-10-05 19:07,2018-10-05 19:07,Nicolas,Genest,Comm Rep,-,-,-,-,0,-,-
9,philippe.bouillon@codeboxx.biz,-,-,-,-,2018-10-05 19:08,2018-10-05 19:08,Philippe,Bouillon,Engineer,-,-,-,-,0,-,-
10,felix-antoine.paradis@codeboxx.biz,-,-,-,-,2018-10-05 19:09,2018-10-05 19:09,Felix-Antoine,Paradis,Engineer,-,-,-,-,0,-,-
11,remi.gagnon@codeboxx.biz,-,-,-,-,2018-10-05 19:10,2018-10-05 19:10,Remi,Gagnon,Engineer,-,-,-,-,0,-,-
12,mathieu.lefrancois@codeboxx.biz,-,-,-,-,2018-10-05 19:11,2018-10-05 19:11,Mathieu,LeFrançois,Engineer,-,-,-,-,0,-,-
13,nicolas.pineault@codeboxx.biz,-,-,-,-,2018-10-05 19:11,2018-10-05 19:11,Nicolas,Pineault,Engineer,-,-,-,-,0,-,-
14,serge.savoie@codeboxx.biz,-,-,-,-,2018-10-05 19:12,2018-10-05 19:12,Serge,Savoie,Engineer,-,-,-,-,0,-,-
15,nadya.fortier@codeboxx.biz,-,-,-,-,2018-10-05 19:13,2018-10-05 19:13,Nadya,Fortier,Director,-,-,-,-,0,-,-
16,yanndo666@gmail.com,-,-,-,-,2018-10-05 20:38,2018-10-05 20:38,Yann,Dore,Employee,-,-,-,-,0,-,-
17,sbruyere@ypotek.com,-,-,-,-,2018-10-05 20:40,2018-10-05 20:40,Stephane,Bruyere,Employee,-,-,-,-,0,-,-
18,gillesatrudel@gmail.com,-,-,-,-,2018-10-05 20:41,2018-10-05 20:41,Gilles,Trudel,Employee,-,-,-,-,0,-,-
19,lyz_15xz@hotmail.com,-,-,-,-,2018-10-05 20:42,2018-10-05 20:42,Laura,Zuviri,Employee,-,-,-,-,0,-,-
20,mathieu.houde@live.ca,-,-,-,-,2018-10-05 20:44,2018-10-05 20:44,Mathieu,Houde,Employee,-,-,-,-,0,-,-
21,BrentKBynum@rhyta.com,-,-,-,-,2018-10-06 13:17,2018-10-06 13:17,Brent,Bynum,Mr.,-,-,-,-,0,-,-
22,ThelmaCValdez@gustr.com,-,-,-,-,2018-10-06 19:07,2018-10-06 19:07,Thelma,Valdez,Dr.,-,-,-,-,0,-,-
23,RobinRCox@cuvox.de,-,-,-,-,2018-10-06 19:08,2018-10-06 19:08,Robin,Cox,Mrs.,-,-,-,-,0,-,-
24,DeshawnCGarcia@rhyta.com,-,-,-,-,2018-11-06 19:09,2018-11-06 19:09,Deshawn,Garcia,Mr.,-,-,-,-,0,-,-
25,TamelaMGarcia@teleworm.us,-,-,-,-,2018-11-06 19:10,2018-11-06 19:10,Tamela,Garcia,Ms.,-,-,-,-,0,-,-
26,EdnaPOdell@jourrapide.com,-,-,-,-,2018-11-06 19:11,2018-11-06 19:11,Edna,Odell,Mrs.,-,-,-,-,0,-,-
27,NancyTHigginbotham@rhyta.com,-,-,-,-,2018-11-06 19:11,2018-11-06 19:11,Nancy,Higginbotham,Mrs.,-,-,-,-,0,-,-
28,OwenTPetty@fleckens.hu,-,-,-,-,2018-11-06 19:12,2018-11-06 19:12,Owen,Petty,Mr.,-,-,-,-,0,-,-
29,MichaelLWunder@superrito.com,-,-,-,-,2018-11-06 19:13,2018-11-06 19:13,Michael,Wunder,Mr.,-,-,-,-,0,-,-
30,EdwardDGabrielson@fleckens.hu,-,-,-,-,2018-11-06 20:38,2018-11-06 20:38,Edward,Gabrielson,Dr.,-,-,-,-,0,-,-
31,HarrietWWhaley@superrito.com,-,-,-,-,2018-11-06 20:40,2018-11-06 20:40,Harriet,Whaley,Ms.,-,-,-,-,0,-,-
32,HughGCain@cuvox.de,-,-,-,-,2018-11-06 20:41,2018-11-06 20:41,Hugh,Cain,Mr.,-,-,-,-,0,-,-
33,WilliamDBecker@teleworm.us,-,-,-,-,2018-11-06 20:42,2018-11-06 20:42,William,Becker,Mr.,-,-,-,-,0,-,-
34,MargaretJFord@einrot.com,-,-,-,-,2018-11-06 20:44,2018-11-06 20:44,Margaret,Ford,Mrs.,-,-,-,-,0,-,-
35,JohnHButcher@teleworm.us,-,-,-,-,2016-10-07 23:14,2016-10-07 23:14,John,Butcher,Mr.,-,-,-,-,0,-,-
36,YvonneRFrost@gustr.com,-,-,-,-,2016-10-09 0:29,2016-10-09 0:29,Yvonne,Frost,Mrs.,-,-,-,-,0,-,-
37,BreannaOHopkins@einrot.com,-,-,-,-,2016-10-10 1:44,2016-10-10 1:44,Breanna,Hopkins,Ms.,-,-,-,-,0,-,-
38,MariettaRSwearingen@jourrapide.com,-,-,-,-,2016-10-11 2:59,2016-10-11 2:59,Marietta,Swearingen,Mrs.,-,-,-,-,0,-,-
39,JamesMFrame@dayrep.com,-,-,-,-,2016-10-05 20:44,2016-10-05 20:44,James,Frame,Mr.,-,-,-,-,0,-,-
40,BrianDMoore@superrito.com,-,-,-,-,2016-10-06 21:59,2016-10-06 21:59,Brian,Moore,Mr.,-,-,-,-,0,-,-
41,CharlieJMcCracken@fleckens.hu,-,-,-,-,2016-10-07 23:14,2016-10-07 23:14,Charlie,McCracken,Mr.,-,-,-,-,0,-,-
42,JasonMLightner@dayrep.com,-,-,-,-,2016-10-09 0:29,2016-10-09 0:29,Jason,Lightner,Mr.,-,-,-,-,0,-,-
43,WilliamDBarnes@einrot.com,-,-,-,-,2016-10-10 1:44,2016-10-10 1:44,William,Barnes,Mr.,-,-,-,-,0,-,-
44,FredLCade@fleckens.hu,-,-,-,-,2016-10-11 2:59,2016-10-11 2:59,Fred,Cade,Mr.,-,-,-,-,0,-,-
45,AmyLBruggeman@fleckens.hu,-,-,-,-,2016-10-05 20:44,2016-10-05 20:44,Amy,Bruggeman,Mrs.,-,-,-,-,0,-,-
46,LauraCMejia@superrito.com,-,-,-,-,2016-10-06 21:59,2016-10-06 21:59,Laura,Mejia,Ms.,-,-,-,-,0,-,-
47,MartinDFloyd@einrot.com,-,-,-,-,2016-10-07 23:14,2016-10-07 23:14,Martin,Floyd,Mr.,-,-,-,-,0,-,-
48,JamesDBradley@dayrep.com,-,-,-,-,2016-10-09 0:29,2016-10-09 0:29,James,Bradley,Mr.,-,-,-,-,0,-,-
49,SandraBZimmerman@rhyta.com,-,-,-,-,2016-11-02 20:44,2016-11-02 20:44,Sandra,Zimmerman,Ms.,-,-,-,-,0,-,-
50,FrancesJLevering@dayrep.com,-,-,-,-,2016-11-03 21:59,2016-11-03 21:59,Frances,Levering,Mrs.,-,-,-,-,0,-,-
51,WendyJContreras@gustr.com,-,-,-,-,2016-11-04 23:14,2016-11-04 23:14,Wendy,Contreras,Mrs.,-,-,-,-,0,-,-
52,MosesBRice@jourrapide.com,-,-,-,-,2016-11-06 0:29,2016-11-06 0:29,Moses,Rice,Mr.,-,-,-,-,0,-,-
53,GraceJLair@gustr.com,-,-,-,-,2016-11-07 1:44,2016-11-07 1:44,Grace,Lair,Ms.,-,-,-,-,0,-,-
54,FriedaRLopez@cuvox.de,-,-,-,-,2016-11-08 2:59,2016-11-08 2:59,Frieda,Lopez,Mrs.,-,-,-,-,0,-,-
55,PeterCSchultheis@armyspy.com,-,-,-,-,2016-11-09 4:14,2016-11-09 4:14,Peter,Schultheis,Mr.,-,-,-,-,0,-,-
56,DavidNArnold@cuvox.de,-,-,-,-,2016-11-10 5:29,2016-11-10 5:29,David,Arnold,Mr.,-,-,-,-,0,-,-
57,ElaineGHood@einrot.com,-,-,-,-,2016-11-11 6:44,2016-11-11 6:44,Elaine,Hood,Mrs.,-,-,-,-,0,-,-
58,DanaWTracey@dayrep.com,-,-,-,-,2016-11-12 7:59,2016-11-12 7:59,Dana,Tracey,Mr.,-,-,-,-,0,-,-
59,JamesSJones@armyspy.com,-,-,-,-,2016-11-13 9:14,2016-11-13 9:14,James,Jones,Mr.,-,-,-,-,0,-,-
60,RichardNBranscum@teleworm.us,-,-,-,-,2016-11-14 10:29,2016-11-14 10:29,Richard,Branscum,Mr.,-,-,-,-,0,-,-
61,JohnSMyrie@einrot.com,-,-,-,-,2016-11-15 11:44,2016-11-15 11:44,John,Myrie,Mr.,-,-,-,-,0,-,-
62,MargaretFPorto@teleworm.us,-,-,-,-,2016-11-16 12:59,2016-11-16 12:59,Margaret,Porto,Ms.,-,-,-,-,0,-,-
63,DebraSPapa@fleckens.hu,-,-,-,-,2016-11-17 14:14,2016-11-17 14:14,Debra,Papa,Mrs.,-,-,-,-,0,-,-
64,CynthiaGGarza@rhyta.com,-,-,-,-,2016-11-18 15:29,2016-11-18 15:29,Cynthia,Garza,Ms.,-,-,-,-,0,-,-
65,CherylRHardy@cuvox.de,-,-,-,-,2016-11-19 16:44,2016-11-19 16:44,Cheryl,Hardy,Mrs.,-,-,-,-,0,-,-
66,MaryDOusley@superrito.com,-,-,-,-,2016-11-20 17:59,2016-11-20 17:59,Mary,Ousley,Ms.,-,-,-,-,0,-,-
67,EdnaWDuca@cuvox.de,-,-,-,-,2016-11-21 19:14,2016-11-21 19:14,Edna,Duca,Mrs.,-,-,-,-,0,-,-
68,MaryJLawson@gustr.com,-,-,-,-,2016-11-22 20:29,2016-11-22 20:29,Mary,Lawson,Ms.,-,-,-,-,0,-,-
69,JamesTMolina@cuvox.de,-,-,-,-,2016-11-23 21:44,2016-11-23 21:44,James,Molina,Mr.,-,-,-,-,0,-,-
70,RoyceKKirk@gustr.com,-,-,-,-,2016-11-24 22:59,2016-11-24 22:59,Royce,Kirk,Ms.,-,-,-,-,0,-,-
71,SamuelLLytle@armyspy.com,-,-,-,-,2016-11-26 0:14,2016-11-26 0:14,Samuel,Lytle,Mr.,-,-,-,-,0,-,-
72,DennisKMoore@fleckens.hu,-,-,-,-,2016-11-27 1:29,2016-11-27 1:29,Dennis,Moore,Mr.,-,-,-,-,0,-,-
73,TimothyCThomas@rhyta.com,-,-,-,-,2016-11-28 2:44,2016-11-28 2:44,Timothy,Thomas,Mr.,-,-,-,-,0,-,-
74,SeymourJPena@einrot.com,-,-,-,-,2016-12-28 2:44,2016-12-28 2:44,Seymour,Pena,Mr.,-,-,-,-,0,-,-
75,GinnyJWages@teleworm.us,-,-,-,-,2016-12-29 3:59,2016-12-29 3:59,Ginny,Wages,Ms.,-,-,-,-,0,-,-
76,RubyTEvans@teleworm.us,-,-,-,-,2016-12-30 5:14,2016-12-30 5:14,Ruby,Evans,Mrs.,-,-,-,-,0,-,-
77,JenniferAWilliams@armyspy.com,-,-,-,-,2016-12-31 6:29,2016-12-31 6:29,Jennifer,Williams,Ms.,-,-,-,-,0,-,-
78,JoaquinVRounds@fleckens.hu,-,-,-,-,2017-01-01 7:44,2017-01-01 7:44,Joaquin,Rounds,Mr.,-,-,-,-,0,-,-
79,MichaelACano@jourrapide.com,-,-,-,-,2017-01-02 8:59,2017-01-02 8:59,Michael,Cano,Mr.,-,-,-,-,0,-,-
80,JohnEAvila@cuvox.de,-,-,-,-,2017-01-03 10:14,2017-01-03 10:14,John,Avila,Mr.,-,-,-,-,0,-,-
81,CharlesCWallace@dayrep.com,-,-,-,-,2017-01-04 11:29,2017-01-04 11:29,Charles,Wallace,Mr.,-,-,-,-,0,-,-
82,GeorgeTFitzgerald@cuvox.de,-,-,-,-,2017-01-05 12:44,2017-01-05 12:44,George,Fitzgerald,Mr.,-,-,-,-,0,-,-
83,LaurenNPeterson@rhyta.com,-,-,-,-,2017-01-06 13:59,2017-01-06 13:59,Lauren,Peterson,Ms.,-,-,-,-,0,-,-
84,JamesSHernandez@jourrapide.com,-,-,-,-,2017-01-07 15:14,2017-01-07 15:14,James,Hernandez,Mr.,-,-,-,-,0,-,-
85,MatthewSSteele@fleckens.hu,-,-,-,-,2017-01-08 16:29,2017-01-08 16:29,Matthew,Steele,Mr.,-,-,-,-,0,-,-
86,AnnaRGrogan@gustr.com,-,-,-,-,2017-01-09 17:44,2017-01-09 17:44,Anna,Grogan,Mrs.,-,-,-,-,0,-,-
87,KrystalEDavid@armyspy.com,-,-,-,-,2017-01-10 18:59,2017-01-10 18:59,Krystal,David,Ms.,-,-,-,-,0,-,-
88,BoydJHunt@dayrep.com,-,-,-,-,2017-01-11 20:14,2017-01-11 20:14,Boyd,Hunt,Mr.,-,-,-,-,0,-,-
89,AdamCDeal@teleworm.us,-,-,-,-,2017-01-12 21:29,2017-01-12 21:29,Adam,Deal,Mr.,-,-,-,-,0,-,-
90,HectorNWagner@einrot.com,-,-,-,-,2017-01-13 22:44,2017-01-13 22:44,Hector,Wagner,Mr.,-,-,-,-,0,-,-
91,DeniseKSerra@dayrep.com,-,-,-,-,2017-01-14 23:59,2017-01-14 23:59,Denise,Serra,Ms.,-,-,-,-,0,-,-
92,ScottAJamison@fleckens.hu,-,-,-,-,2017-01-16 1:14,2017-01-16 1:14,Scott,Jamison,Mr.,-,-,-,-,0,-,-
93,LeeEDuffy@rhyta.com,-,-,-,-,2017-01-17 2:29,2017-01-17 2:29,Lee,Duffy,Mr.,-,-,-,-,0,-,-
94,JenniferRBell@einrot.com,-,-,-,-,2017-01-18 3:44,2017-01-18 3:44,Jennifer,Bell,Ms.,-,-,-,-,0,-,-
95,JamesLGreen@teleworm.us,-,-,-,-,2017-02-19 4:59,2017-02-19 4:59,James,Green,Mr.,-,-,-,-,0,-,-
96,SherryFVargas@dayrep.com,-,-,-,-,2017-02-20 6:14,2017-02-20 6:14,Sherry,Vargas,Ms.,-,-,-,-,0,-,-
97,JamesYAshbrook@superrito.com,-,-,-,-,2017-02-21 7:29,2017-02-21 7:29,James,Ashbrook,Mr.,-,-,-,-,0,-,-
98,TimothyATaylor@dayrep.com,-,-,-,-,2017-02-22 8:44,2017-02-22 8:44,Timothy,Taylor,Mr.,-,-,-,-,0,-,-
99,JoanEAmbler@superrito.com,-,-,-,-,2017-02-23 9:59,2017-02-23 9:59,Joan,Ambler,Ms.,-,-,-,-,0,-,-
100,SheilaENugent@fleckens.hu,-,-,-,-,2017-02-24 11:14,2017-02-24 11:14,Sheila,Nugent,Mrs.,-,-,-,-,0,-,-
101,AlvinCWagaman@armyspy.com,-,-,-,-,2017-02-25 12:29,2017-02-25 12:29,Alvin,Wagaman,Mr.,-,-,-,-,0,-,-
102,DavidKBush@gustr.com,-,-,-,-,2017-02-26 13:44,2017-02-26 13:44,David,Bush,Dr.,-,-,-,-,0,-,-
103,StephanieLAguiar@armyspy.com,-,-,-,-,2017-02-27 14:59,2017-02-27 14:59,Stephanie,Aguiar,Mrs.,-,-,-,-,0,-,-
104,OpalRSecor@einrot.com,-,-,-,-,2017-02-28 16:14,2017-02-28 16:14,Opal,Secor,Ms.,-,-,-,-,0,-,-
105,JoshuaKCole@armyspy.com,-,-,-,-,2017-03-01 17:29,2017-03-01 17:29,Joshua,Cole,Mr.,-,-,-,-,0,-,-
106,BrendaRDragon@cuvox.de,-,-,-,-,2017-03-02 18:44,2017-03-02 18:44,Brenda,Dragon,Mrs.,-,-,-,-,0,-,-
107,WarrenMDolin@dayrep.com,-,-,-,-,2017-03-03 19:59,2017-03-03 19:59,Warren,Dolin,Mr.,-,-,-,-,0,-,-
108,EmmaPLedet@superrito.com,-,-,-,-,2017-03-04 21:14,2017-03-04 21:14,Emma,Ledet,Ms.,-,-,-,-,0,-,-
109,RoseKGouin@fleckens.hu,-,-,-,-,2017-03-05 22:29,2017-03-05 22:29,Rose,Gouin,Ms.,-,-,-,-,0,-,-
110,SabrinaRChavez@fleckens.hu,-,-,-,-,2017-03-06 23:44,2017-03-06 23:44,Sabrina,Chavez,Mrs.,-,-,-,-,0,-,-
111,SuzanneTCruz@fleckens.hu,-,-,-,-,2017-03-08 0:59,2017-03-08 0:59,Suzanne,Cruz,Mrs.,-,-,-,-,0,-,-
112,GeorgeDMathis@armyspy.com,-,-,-,-,2017-03-09 2:14,2017-03-09 2:14,George,Mathis,Mr.,-,-,-,-,0,-,-
113,HazelRArmstrong@dayrep.com,-,-,-,-,2017-03-10 3:29,2017-03-10 3:29,Hazel,Armstrong,Mrs.,-,-,-,-,0,-,-
114,MariaPAlexander@gustr.com,-,-,-,-,2017-03-11 4:44,2017-03-11 4:44,Maria,Alexander,Mrs.,-,-,-,-,0,-,-
115,GeorgeAJoiner@cuvox.de,-,-,-,-,2017-03-12 5:59,2017-03-12 5:59,George,Joiner,Mr.,-,-,-,-,0,-,-
116,DonaldVPenton@dayrep.com,-,-,-,-,2017-03-13 7:14,2017-03-13 7:14,Donald,Penton,Mr.,-,-,-,-,0,-,-
117,JosephMMetzger@fleckens.hu,-,-,-,-,2017-03-14 8:29,2017-03-14 8:29,Joseph,Metzger,Mr.,-,-,-,-,0,-,-
118,JohnMAdame@teleworm.us,-,-,-,-,2017-03-15 9:44,2017-03-15 9:44,John,Adame,Mr.,-,-,-,-,0,-,-
119,BrittanySDavis@gustr.com,-,-,-,-,2017-03-16 10:59,2017-03-16 10:59,Brittany,Davis,Mrs.,-,-,-,-,0,-,-
120,EddieDShook@fleckens.hu,-,-,-,-,2017-03-17 12:14,2017-03-17 12:14,Eddie,Shook,Mr.,-,-,-,-,0,-,-
121,EricJTaylor@gustr.com,-,-,-,-,2017-04-18 13:29,2017-04-18 13:29,Eric,Taylor,Mr.,-,-,-,-,0,-,-
122,BrianHBains@dayrep.com,-,-,-,-,2017-04-19 14:44,2017-04-19 14:44,Brian,Bains,Mr.,-,-,-,-,0,-,-
123,FlorenceCHalladay@jourrapide.com,-,-,-,-,2017-04-20 15:59,2017-04-20 15:59,Florence,Halladay,Mrs.,-,-,-,-,0,-,-
124,CharlesNMilligan@teleworm.us,-,-,-,-,2017-04-21 17:14,2017-04-21 17:14,Charles,Milligan,Mr.,-,-,-,-,0,-,-
125,EdwardLAverill@fleckens.hu,-,-,-,-,2017-04-22 18:29,2017-04-22 18:29,Edward,Averill,Mr.,-,-,-,-,0,-,-
126,DamianDWise@cuvox.de,-,-,-,-,2017-04-23 19:44,2017-04-23 19:44,Damian,Wise,Mr.,-,-,-,-,0,-,-
127,MariaTJennings@rhyta.com,-,-,-,-,2017-04-24 20:59,2017-04-24 20:59,Maria,Jennings,Mrs.,-,-,-,-,0,-,-
128,GeorgeRBarton@gustr.com,-,-,-,-,2017-04-25 22:14,2017-04-25 22:14,George,Barton,Mr.,-,-,-,-,0,-,-
129,StellaBBoggs@dayrep.com,-,-,-,-,2017-04-26 23:29,2017-04-26 23:29,Stella,Boggs,Mrs.,-,-,-,-,0,-,-
130,EugeneEGlick@einrot.com,-,-,-,-,2017-04-28 0:44,2017-04-28 0:44,Eugene,Glick,Mr.,-,-,-,-,0,-,-
131,GordonMChichester@superrito.com,-,-,-,-,2017-04-29 1:59,2017-04-29 1:59,Gordon,Chichester,Dr.,-,-,-,-,0,-,-
132,TracyVSpooner@rhyta.com,-,-,-,-,2017-04-30 3:14,2017-04-30 3:14,Tracy,Spooner,Ms.,-,-,-,-,0,-,-
133,MaryLRodriguez@gustr.com,-,-,-,-,2017-05-01 4:29,2017-05-01 4:29,Mary,Rodriguez,Ms.,-,-,-,-,0,-,-
134,BlakeMMcDermott@jourrapide.com,-,-,-,-,2017-05-02 5:44,2017-05-02 5:44,Blake,McDermott,Mr.,-,-,-,-,0,-,-
135,PaulaTEspinoza@dayrep.com,-,-,-,-,2017-05-03 6:59,2017-05-03 6:59,Paula,Espinoza,Mrs.,-,-,-,-,0,-,-
136,TiaraJCampagna@gustr.com,-,-,-,-,2017-05-04 8:14,2017-05-04 8:14,Tiara,Campagna,Ms.,-,-,-,-,0,-,-
137,VanceAFinn@dayrep.com,-,-,-,-,2017-05-05 9:29,2017-05-05 9:29,Vance,Finn,Mr.,-,-,-,-,0,-,-
138,PaulKFairley@dayrep.com,-,-,-,-,2017-05-06 10:44,2017-05-06 10:44,Paul,Fairley,Mr.,-,-,-,-,0,-,-
139,KathleenNSimmons@cuvox.de,-,-,-,-,2017-05-07 11:59,2017-05-07 11:59,Kathleen,Simmons,Ms.,-,-,-,-,0,-,-
140,JohnESoto@fleckens.hu,-,-,-,-,2017-05-08 13:14,2017-05-08 13:14,John,Soto,Mr.,-,-,-,-,0,-,-
141,SusanJMorton@superrito.com,-,-,-,-,2017-05-09 14:29,2017-05-09 14:29,Susan,Morton,Ms.,-,-,-,-,0,-,-
142,DorothyJHudgins@cuvox.de,-,-,-,-,2017-05-10 15:44,2017-05-10 15:44,Dorothy,Hudgins,Ms.,-,-,-,-,0,-,-
143,GraceTSmith@cuvox.de,-,-,-,-,2017-05-11 16:59,2017-05-11 16:59,Grace,Smith,Ms.,-,-,-,-,0,-,-
144,KelvinCBrown@fleckens.hu,-,-,-,-,2017-06-12 18:14,2017-06-12 18:14,Kelvin,Brown,Mr.,-,-,-,-,0,-,-
145,TinaSKissell@jourrapide.com,-,-,-,-,2017-06-13 19:29,2017-06-13 19:29,Tina,Kissell,Mrs.,-,-,-,-,0,-,-
146,CarlSRuiz@armyspy.com,-,-,-,-,2017-06-14 20:44,2017-06-14 20:44,Carl,Ruiz,Mr.,-,-,-,-,0,-,-
147,TrishaEWilliams@fleckens.hu,-,-,-,-,2017-06-15 21:59,2017-06-15 21:59,Trisha,Williams,Mrs.,-,-,-,-,0,-,-
148,JoseEWright@dayrep.com,-,-,-,-,2017-06-16 23:14,2017-06-16 23:14,Jose,Wright,Mr.,-,-,-,-,0,-,-
149,TammyCGoff@rhyta.com,-,-,-,-,2017-06-18 0:29,2017-06-18 0:29,Tammy,Goff,Ms.,-,-,-,-,0,-,-
150,JeanMCortez@fleckens.hu,-,-,-,-,2017-06-19 1:44,2017-06-19 1:44,Jean,Cortez,Mrs.,-,-,-,-,0,-,-
151,WilliamVGray@teleworm.us,-,-,-,-,2017-06-20 2:59,2017-06-20 2:59,William,Gray,Mr.,-,-,-,-,0,-,-
152,DustinKAustin@gustr.com,-,-,-,-,2017-06-21 4:14,2017-06-21 4:14,Dustin,Austin,Mr.,-,-,-,-,0,-,-
153,DavidFRichmond@einrot.com,-,-,-,-,2017-06-22 5:29,2017-06-22 5:29,David,Richmond,Dr.,-,-,-,-,0,-,-
154,DanielAChancey@dayrep.com,-,-,-,-,2017-06-23 6:44,2017-06-23 6:44,Daniel,Chancey,Mr.,-,-,-,-,0,-,-
155,MichelleDMock@superrito.com,-,-,-,-,2017-06-24 7:59,2017-06-24 7:59,Michelle,Mock,Mrs.,-,-,-,-,0,-,-
156,AnitaMOliveras@rhyta.com,-,-,-,-,2017-06-25 9:14,2017-06-25 9:14,Anita,Oliveras,Ms.,-,-,-,-,0,-,-
157,ChadKSun@dayrep.com,-,-,-,-,2017-06-26 10:29,2017-06-26 10:29,Chad,Sun,Mr.,-,-,-,-,0,-,-
158,SuzanneMCharbonneau@rhyta.com,-,-,-,-,2017-06-27 11:44,2017-06-27 11:44,Suzanne,Charbonneau,Mrs.,-,-,-,-,0,-,-
159,CharlesSMullis@rhyta.com,-,-,-,-,2017-06-28 12:59,2017-06-28 12:59,Charles,Mullis,Mr.,-,-,-,-,0,-,-
160,RandalMMoss@cuvox.de,-,-,-,-,2017-06-29 14:14,2017-06-29 14:14,Randal,Moss,Mr.,-,-,-,-,0,-,-
161,KateAMiner@gustr.com,-,-,-,-,2017-06-30 15:29,2017-06-30 15:29,Kate,Miner,Ms.,-,-,-,-,0,-,-
162,SusanCHansen@jourrapide.com,-,-,-,-,2017-07-01 16:44,2017-07-01 16:44,Susan,Hansen,Ms.,-,-,-,-,0,-,-
163,RyanMMerrill@fleckens.hu,-,-,-,-,2017-07-02 17:59,2017-07-02 17:59,Ryan,Merrill,Mr.,-,-,-,-,0,-,-
164,JeanJFarnsworth@armyspy.com,-,-,-,-,2017-07-03 19:14,2017-07-03 19:14,Jean,Farnsworth,Ms.,-,-,-,-,0,-,-
165,JoePBeeman@armyspy.com,-,-,-,-,2017-07-04 20:29,2017-07-04 20:29,Joe,Beeman,Mr.,-,-,-,-,0,-,-
166,DonaldJCampbell@teleworm.us,-,-,-,-,2017-08-05 21:44,2017-08-05 21:44,Donald,Campbell,Mr.,-,-,-,-,0,-,-
167,JonathanFPark@cuvox.de,-,-,-,-,2017-08-06 22:59,2017-08-06 22:59,Jonathan,Park,Mr.,-,-,-,-,0,-,-
168,ToddAUnger@cuvox.de,-,-,-,-,2017-08-08 0:14,2017-08-08 0:14,Todd,Unger,Mr.,-,-,-,-,0,-,-
169,JoePDodge@cuvox.de,-,-,-,-,2017-08-09 1:29,2017-08-09 1:29,Joe,Dodge,Mr.,-,-,-,-,0,-,-
170,TheodoreSAbraham@cuvox.de,-,-,-,-,2017-08-10 2:44,2017-08-10 2:44,Theodore,Abraham,Mr.,-,-,-,-,0,-,-
171,KristenKClay@superrito.com,-,-,-,-,2017-08-11 3:59,2017-08-11 3:59,Kristen,Clay,Ms.,-,-,-,-,0,-,-
172,NedNThomas@einrot.com,-,-,-,-,2017-08-12 5:14,2017-08-12 5:14,Ned,Thomas,Mr.,-,-,-,-,0,-,-
173,DeloresCEmmer@fleckens.hu,-,-,-,-,2017-08-13 6:29,2017-08-13 6:29,Delores,Emmer,Ms.,-,-,-,-,0,-,-
174,HelenGMills@armyspy.com,-,-,-,-,2017-08-14 7:44,2017-08-14 7:44,Helen,Mills,Mrs.,-,-,-,-,0,-,-
175,DavidSTaylor@fleckens.hu,-,-,-,-,2017-08-15 8:59,2017-08-15 8:59,David,Taylor,Mr.,-,-,-,-,0,-,-
176,RachellePBerry@teleworm.us,-,-,-,-,2017-08-16 10:14,2017-08-16 10:14,Rachelle,Berry,Ms.,-,-,-,-,0,-,-
177,JoseLReed@cuvox.de,-,-,-,-,2017-08-17 11:29,2017-08-17 11:29,Jose,Reed,Mr.,-,-,-,-,0,-,-
178,MariaDLeary@fleckens.hu,-,-,-,-,2017-08-18 12:44,2017-08-18 12:44,Maria,Leary,Mrs.,-,-,-,-,0,-,-
179,WilmaWWilmot@gustr.com,-,-,-,-,2017-08-19 13:59,2017-08-19 13:59,Wilma,Wilmot,Ms.,-,-,-,-,0,-,-
180,BennettMQuinlan@teleworm.us,-,-,-,-,2017-08-20 15:14,2017-08-20 15:14,Bennett,Quinlan,Mr.,-,-,-,-,0,-,-
181,JustinTThompson@gustr.com,-,-,-,-,2017-08-21 16:29,2017-08-21 16:29,Justin,Thompson,Mr.,-,-,-,-,0,-,-
182,LouisTDay@jourrapide.com,-,-,-,-,2017-11-22 17:44,2017-11-22 17:44,Louis,Day,Mr.,-,-,-,-,0,-,-
183,CheryRRogers@dayrep.com,-,-,-,-,2017-11-23 18:59,2017-11-23 18:59,Chery,Rogers,Mrs.,-,-,-,-,0,-,-
184,TomVGreen@armyspy.com,-,-,-,-,2017-11-24 20:14,2017-11-24 20:14,Tom,Green,Mr.,-,-,-,-,0,-,-
185,MillieCRybicki@superrito.com,-,-,-,-,2017-11-25 21:29,2017-11-25 21:29,Millie,Rybicki,Ms.,-,-,-,-,0,-,-
186,MaJDaye@superrito.com,-,-,-,-,2017-11-26 22:44,2017-11-26 22:44,Ma,Daye,Ms.,-,-,-,-,0,-,-
187,PhyllisRWard@jourrapide.com,-,-,-,-,2017-11-27 23:59,2017-11-27 23:59,Phyllis,Ward,Mrs.,-,-,-,-,0,-,-
188,PatrickMHill@fleckens.hu,-,-,-,-,2017-11-29 1:14,2017-11-29 1:14,Patrick,Hill,Mr.,-,-,-,-,0,-,-
189,LindaDBarrett@rhyta.com,-,-,-,-,2017-11-30 2:29,2017-11-30 2:29,Linda,Barrett,Ms.,-,-,-,-,0,-,-
190,WilliamJRoberts@cuvox.de,-,-,-,-,2017-12-01 3:44,2017-12-01 3:44,William,Roberts,Mr.,-,-,-,-,0,-,-
191,VeronicaRAble@einrot.com,-,-,-,-,2017-12-02 4:59,2017-12-02 4:59,Veronica,Able,Mrs.,-,-,-,-,0,-,-
192,RaquelRSmith@cuvox.de,-,-,-,-,2017-12-03 6:14,2017-12-03 6:14,Raquel,Smith,Ms.,-,-,-,-,0,-,-
193,AnnetteHWhitley@armyspy.com,-,-,-,-,2017-12-04 7:29,2017-12-04 7:29,Annette,Whitley,Ms.,-,-,-,-,0,-,-
194,KarenLMoorhead@dayrep.com,-,-,-,-,2017-12-05 8:44,2017-12-05 8:44,Karen,Moorhead,Ms.,-,-,-,-,0,-,-
195,JonathanMManning@superrito.com,-,-,-,-,2017-12-06 9:59,2017-12-06 9:59,Jonathan,Manning,Mr.,-,-,-,-,0,-,-
196,WilliamBDeherrera@teleworm.us,-,-,-,-,2017-12-07 11:14,2017-12-07 11:14,William,Deherrera,Mr.,-,-,-,-,0,-,-
197,DavidJHuskey@superrito.com,-,-,-,-,2017-12-08 12:29,2017-12-08 12:29,David,Huskey,Mr.,-,-,-,-,0,-,-
198,ErnestMHafley@einrot.com,-,-,-,-,2017-12-09 13:44,2017-12-09 13:44,Ernest,Hafley,Mr.,-,-,-,-,0,-,-
199,SeanHSkillings@gustr.com,-,-,-,-,2018-01-10 14:59,2018-01-10 14:59,Sean,Skillings,Mr.,-,-,-,-,0,-,-
200,DavidHBrooks@rhyta.com,-,-,-,-,2018-01-11 15:44,2018-01-11 15:44,David,Brooks,Mr.,-,-,-,-,0,-,-
201,WilliamNDrysdale@fleckens.hu,-,-,-,-,2018-01-12 16:29,2018-01-12 16:29,William,Drysdale,Mr.,-,-,-,-,0,-,-
202,WilliamPBowers@cuvox.de,-,-,-,-,2018-01-13 17:14,2018-01-13 17:14,William,Bowers,Mr.,-,-,-,-,0,-,-
203,StanleyDRosenstein@einrot.com,-,-,-,-,2018-01-14 17:59,2018-01-14 17:59,Stanley,Rosenstein,Mr.,-,-,-,-,0,-,-
204,PaulFRhem@rhyta.com,-,-,-,-,2018-01-15 18:44,2018-01-15 18:44,Paul,Rhem,Mr.,-,-,-,-,0,-,-
205,BarbaraRDoggett@armyspy.com,-,-,-,-,2018-01-16 19:29,2018-01-16 19:29,Barbara,Doggett,Mrs.,-,-,-,-,0,-,-
206,RaulPBuckner@teleworm.us,-,-,-,-,2018-01-17 20:14,2018-01-17 20:14,Raul,Buckner,Mr.,-,-,-,-,0,-,-
207,LyndaTFerrel@dayrep.com,-,-,-,-,2018-01-18 20:59,2018-01-18 20:59,Lynda,Ferrel,Ms.,-,-,-,-,0,-,-
208,JamesJMorel@gustr.com,-,-,-,-,2018-01-19 21:44,2018-01-19 21:44,James,Morel,Mr.,-,-,-,-,0,-,-
209,ScottMHall@gustr.com,-,-,-,-,2018-01-20 22:29,2018-01-20 22:29,Scott,Hall,Mr.,-,-,-,-,0,-,-
210,MarkWPrice@fleckens.hu,-,-,-,-,2018-01-21 23:14,2018-01-21 23:14,Mark,Price,Mr.,-,-,-,-,0,-,-
211,EvelynHSmith@gustr.com,-,-,-,-,2018-01-22 23:59,2018-01-22 23:59,Evelyn,Smith,Mrs.,-,-,-,-,0,-,-
212,FrankFTurner@armyspy.com,-,-,-,-,2018-01-24 0:44,2018-01-24 0:44,Frank,Turner,Mr.,-,-,-,-,0,-,-
213,RaymondPMims@teleworm.us,-,-,-,-,2018-01-25 1:29,2018-01-25 1:29,Raymond,Mims,Mr.,-,-,-,-,0,-,-
214,RonaldKCook@jourrapide.com,-,-,-,-,2018-01-26 2:14,2018-01-26 2:14,Ronald,Cook,Mr.,-,-,-,-,0,-,-
215,SandraRJohnson@armyspy.com,-,-,-,-,2018-04-27 2:59,2018-04-27 2:59,Sandra,Johnson,Mrs.,-,-,-,-,0,-,-
216,AndreaLHiggins@superrito.com,-,-,-,-,2018-04-28 3:44,2018-04-28 3:44,Andrea,Higgins,Mrs.,-,-,-,-,0,-,-
217,DennisMBliss@einrot.com,-,-,-,-,2018-04-29 4:29,2018-04-29 4:29,Dennis,Bliss,Mr.,-,-,-,-,0,-,-
218,IleneFLux@superrito.com,-,-,-,-,2018-04-30 5:14,2018-04-30 5:14,Ilene,Lux,Mrs.,-,-,-,-,0,-,-
219,RonaldBGaddis@dayrep.com,-,-,-,-,2018-05-01 5:59,2018-05-01 5:59,Ronald,Gaddis,Mr.,-,-,-,-,0,-,-
220,DiegoGJean@dayrep.com,-,-,-,-,2018-05-02 6:44,2018-05-02 6:44,Diego,Jean,Dr.,-,-,-,-,0,-,-
221,AndrewKQueen@gustr.com,-,-,-,-,2018-05-03 7:29,2018-05-03 7:29,Andrew,Queen,Mr.,-,-,-,-,0,-,-
222,EllaLKoenig@teleworm.us,-,-,-,-,2018-05-04 8:14,2018-05-04 8:14,Ella,Koenig,Mrs.,-,-,-,-,0,-,-
223,JosephNFord@cuvox.de,-,-,-,-,2018-05-05 8:59,2018-05-05 8:59,Joseph,Ford,Mr.,-,-,-,-,0,-,-
224,JamesSMelton@jourrapide.com,-,-,-,-,2018-05-06 9:44,2018-05-06 9:44,James,Melton,Mr.,-,-,-,-,0,-,-
225,JenniferRGutierrez@jourrapide.com,-,-,-,-,2018-05-07 10:29,2018-05-07 10:29,Jennifer,Gutierrez,Mrs.,-,-,-,-,0,-,-
226,RichardSAlejandre@fleckens.hu,-,-,-,-,2018-05-08 11:14,2018-05-08 11:14,Richard,Alejandre,Mr.,-,-,-,-,0,-,-
227,TiffanyPSpencer@superrito.com,-,-,-,-,2018-05-09 11:59,2018-05-09 11:59,Tiffany,Spencer,Mrs.,-,-,-,-,0,-,-
228,BillieBSutherland@superrito.com,-,-,-,-,2018-05-10 12:44,2018-05-10 12:44,Billie,Sutherland,Ms.,-,-,-,-,0,-,-
229,BillyGRuiz@dayrep.com,-,-,-,-,2018-05-11 13:29,2018-05-11 13:29,Billy,Ruiz,Mr.,-,-,-,-,0,-,-
230,AmieMMosley@jourrapide.com,-,-,-,-,2018-05-12 14:14,2018-05-12 14:14,Amie,Mosley,Ms.,-,-,-,-,0,-,-
231,EdithAHarness@gustr.com,-,-,-,-,2018-05-13 14:59,2018-05-13 14:59,Edith,Harness,Mrs.,-,-,-,-,0,-,-
232,KathleenAHardy@fleckens.hu,-,-,-,-,2018-05-14 15:44,2018-05-14 15:44,Kathleen,Hardy,Mrs.,-,-,-,-,0,-,-
233,KathrynDCox@cuvox.de,-,-,-,-,2018-05-15 16:29,2018-05-15 16:29,Kathryn,Cox,Mrs.,-,-,-,-,0,-,-
234,RebeccaFGates@cuvox.de,-,-,-,-,2018-05-16 17:14,2018-05-16 17:14,Rebecca,Gates,Mrs.,-,-,-,-,0,-,-
235,CarolLHill@rhyta.com,-,-,-,-,2018-09-17 17:59,2018-09-17 17:59,Carol,Hill,Ms.,-,-,-,-,0,-,-
236,LindaGBarnes@gustr.com,-,-,-,-,2018-09-18 18:44,2018-09-18 18:44,Linda,Barnes,Mrs.,-,-,-,-,0,-,-
237,JudithRHazel@cuvox.de,-,-,-,-,2018-09-19 19:29,2018-09-19 19:29,Judith,Hazel,Ms.,-,-,-,-,0,-,-
238,AngelicaRSmith@armyspy.com,-,-,-,-,2018-09-20 20:14,2018-09-20 20:14,Angelica,Smith,Mrs.,-,-,-,-,0,-,-
239,AshleyGSawyer@armyspy.com,-,-,-,-,2018-09-21 20:59,2018-09-21 20:59,Ashley,Sawyer,Ms.,-,-,-,-,0,-,-
240,HuldaJMaguire@superrito.com,-,-,-,-,2018-09-22 21:44,2018-09-22 21:44,Hulda,Maguire,Ms.,-,-,-,-,0,-,-
241,MarieDSnell@jourrapide.com,-,-,-,-,2018-09-23 22:29,2018-09-23 22:29,Marie,Snell,Ms.,-,-,-,-,0,-,-
242,JohannaJWhitcher@teleworm.us,-,-,-,-,2018-09-24 23:14,2018-09-24 23:14,Johanna,Whitcher,Ms.,-,-,-,-,0,-,-
243,MelissaTOwens@teleworm.us,-,-,-,-,2018-09-25 23:59,2018-09-25 23:59,Melissa,Owens,Ms.,-,-,-,-,0,-,-
244,CelesteMSmith@rhyta.com,-,-,-,-,2018-09-27 0:44,2018-09-27 0:44,Celeste,Smith,Mrs.,-,-,-,-,0,-,-
245,JoseTMontgomery@rhyta.com,-,-,-,-,2018-09-28 1:29,2018-09-28 1:29,Jose,Montgomery,Mr.,-,-,-,-,0,-,-
246,BrianJScott@teleworm.us,-,-,-,-,2018-10-01 2:14,2018-10-01 2:14,Brian,Scott,Mr.,-,-,-,-,0,-,-
247,ChrisRSatterfield@jourrapide.com,-,-,-,-,2018-10-02 4:39,2018-10-02 4:39,Chris,Satterfield,Mr.,-,-,-,-,0,-,-
248,ReginaCFigueroa@rhyta.com,-,-,-,-,2018-10-03 7:04,2018-10-03 7:04,Regina,Figueroa,Ms.,-,-,-,-,0,-,-
249,NicoleTWynn@cuvox.de,-,-,-,-,2018-10-04 9:29,2018-10-04 9:29,Nicole,Wynn,Ms.,-,-,-,-,0,-,-
250,MarianneGBlack@armyspy.com,-,-,-,-,2018-10-05 11:54,2018-10-05 11:54,Marianne,Black,Ms.,-,-,-,-,0,-,-
